q,max_angle_error_deg,mean_angle_error_deg,sigma_q_over_sigma_1,node_modulus_min,node_modulus_max
1,0.0,0.0,1.0,1.0,1.0
3,1.4210854715202004e-14,8.289665250534503e-15,0.9873218565364762,0.9999999999999997,0.9999999999999999
5,2.842170943040401e-14,1.4210854715202004e-14,0.9753431985784322,0.9999999999999989,1.0000000000000013
7,5.684341886080802e-14,2.5884056802689363e-14,0.9705707157785645,0.9999999999999989,1.0000000000000013
9,5.684341886080802e-14,2.092153610849184e-14,0.9561000085334372,0.999999999999999,1.000000000000002
11,5.684341886080802e-14,1.7763568394002505e-14,0.9506670542624928,0.9999999999999988,1.000000000000001
13,8.526512829121202e-14,2.029146081930286e-14,0.9218133361448267,0.9999999999999992,1.0000000000000013
15,2.842170943040401e-14,7.164639252247677e-15,0.9030703388503759,0.9999999999999991,1.0000000000000013
17,5.684341886080802e-14,1.6718652606120005e-14,0.8957757972014273,0.9999999999999991,1.0000000000000027
19,5.684341886080802e-14,2.0755327281413453e-14,0.8896925659297176,0.9999999999999988,1.0000000000000013
20,5.684341886080802e-14,1.0169642905566433e-14,0.878538091679021,0.9999999999999976,1.000000000000001
21,5.684341886080802e-14,2.1866106808807846e-14,0.8739622952025698,0.9999999999999986,1.0000000000000018
23,5.684341886080802e-14,1.1662168815192948e-14,0.871997109856965,0.9999999999999989,1.0000000000000022
25,8.526512829121202e-14,2.120970066243899e-14,0.8690296004497711,0.9999999999999988,1.0000000000000013
27,8.526512829121202e-14,2.5987442650485146e-14,0.8559750591669373,0.9999999999999977,1.0000000000000016
29,8.526512829121202e-14,2.146941628309613e-14,0.8169391255559304,0.9999999999999969,1.0000000000000018
31,1.1368683772161603e-13,2.194660224162245e-14,0.8098209408641222,0.9999999999999959,1.0000000000000013
33,1.1368683772161603e-13,2.6537694600737075e-14,0.7967946403797282,0.9999999999999964,1.0000000000000033
35,8.526512829121202e-14,3.2126682266867386e-14,0.7961424703809222,0.9999999999999961,1.0000000000000029
37,8.526512829121202e-14,2.352472571097629e-14,0.7954450060902042,0.9999999999999972,1.0000000000000018
39,5.684341886080802e-14,2.5757174171303632e-14,0.7613546546221425,0.999999999999998,1.0000000000000016
40,1.1368683772161603e-13,3.217426325363704e-14,0.7600411723997724,0.9999999999999969,1.0000000000000027
41,1.2079226507921703e-13,3.648030387256124e-14,0.7593394526838281,0.9999999999999979,1.0000000000000036
43,1.4210854715202004e-13,2.85869519270924e-14,0.7508788045487529,0.9999999999999983,1.0000000000000027
45,7.815970093361102e-14,1.9757035513773896e-14,0.7457883475868426,0.9999999999999979,1.0000000000000047
47,8.526512829121202e-14,2.556820003945254e-14,0.7455721705154498,0.9999999999999969,1.0000000000000027
49,1.1368683772161603e-13,2.9454896571687825e-14,0.735118823276218,0.999999999999997,1.0000000000000036
51,1.4210854715202004e-13,2.8125649957170633e-14,0.7343742850268495,0.9999999999999969,1.0000000000000033
53,1.1368683772161603e-13,3.0482953687443923e-14,0.7337762794715765,0.9999999999999972,1.0000000000000022
55,1.1368683772161603e-13,2.843785812894401e-14,0.700314669687087,0.9999999999999969,1.000000000000004
57,1.1368683772161603e-13,3.632182274247354e-14,0.6828993355636037,0.9999999999999974,1.0000000000000029
59,8.526512829121202e-14,2.5516312226978175e-14,0.636252886776948,0.9999999999999979,1.0000000000000024
61,1.1368683772161603e-13,3.3634297532906383e-14,0.6323735453202528,0.9999999999999974,1.0000000000000016
63,2.2737367544323206e-13,3.630253064647337e-14,0.6303081901826684,0.9999999999999967,1.000000000000003
65,1.1368683772161603e-13,3.126388037344441e-14,0.6302673501529208,0.999999999999995,1.000000000000003
67,1.1368683772161603e-13,3.0025733143593786e-14,0.6301758928051153,0.999999999999996,1.000000000000004
69,1.1368683772161603e-13,3.130507125667688e-14,0.6301582678240296,0.9999999999999977,1.000000000000004
71,1.1368683772161603e-13,2.7258320796148915e-14,0.630067058003807,0.9999999999999973,1.0000000000000069
73,1.4566126083082054e-13,2.7192859836024382e-14,0.6299694070576992,0.9999999999999951,1.0000000000000033
75,1.1368683772161603e-13,3.588240815588506e-14,0.5987204780141911,0.9999999999999937,1.0000000000000024
77,1.2789769243681803e-13,3.8030185061705364e-14,0.5435320155212753,0.9999999999999934,1.0000000000000098
79,2.2737367544323206e-13,4.261007861599335e-14,0.5407966761042651,0.999999999999995,1.0000000000000056
80,1.7053025658242404e-13,5.250244683452365e-14,0.5345725464630241,0.9999999999999942,1.0000000000000044
81,1.7053025658242404e-13,4.1053580288361343e-14,0.5341548432780759,0.9999999999999963,1.0000000000000093
83,1.4210854715202004e-13,4.426980870240263e-14,0.5339197205242135,0.9999999999999951,1.0000000000000067
85,1.7053025658242404e-13,4.7682119690548196e-14,0.5326428750640129,0.9999999999999958,1.0000000000000047
87,1.7053025658242404e-13,4.3053683223912106e-14,0.5070942682571812,0.9999999999999933,1.000000000000006
89,1.7053025658242404e-13,4.524470685747689e-14,0.5052961686536935,0.9999999999999949,1.0000000000000058
91,1.4210854715202004e-13,4.027547526255568e-14,0.5046162359796452,0.9999999999999962,1.000000000000006
93,1.7408297026122455e-13,4.4540237686843646e-14,0.5025843201670368,0.9999999999999952,1.0000000000000058
95,1.7053025658242404e-13,4.268632231311418e-14,0.4996014557154841,0.9999999999999942,1.0000000000000064
97,1.7053025658242404e-13,4.919775926854405e-14,0.49861515158577446,0.9999999999999942,1.0000000000000044
99,1.7053025658242404e-13,4.9493518150309756e-14,0.4944379584689983,0.9999999999999938,1.0000000000000042
100,1.7053025658242404e-13,4.258593477857175e-14,0.4943755916415171,0.9999999999999938,1.0000000000000042
101,1.7053025658242404e-13,3.7180379787050785e-14,0.486428368765832,0.999999999999995,1.000000000000009
103,1.7053025658242404e-13,4.667032671866022e-14,0.4850895719683135,0.9999999999999928,1.0000000000000049
105,1.7053025658242404e-13,4.0039929044290885e-14,0.4838714491176626,0.9999999999999958,1.0000000000000058
107,1.7053025658242404e-13,4.281725545250627e-14,0.48338439039633085,0.9999999999999948,1.0000000000000056
109,1.4210854715202004e-13,4.186457500747081e-14,0.4831892762950112,0.9999999999999952,1.0000000000000047
111,1.7053025658242404e-13,3.768757078187018e-14,0.46833357029610284,0.9999999999999942,1.000000000000006
113,1.4210854715202004e-13,4.1255101596469315e-14,0.45020869469278063,0.9999999999999956,1.0000000000000053
115,1.7053025658242404e-13,4.116900057575233e-14,0.4494390906474582,0.9999999999999933,1.0000000000000049
117,1.7053025658242404e-13,3.799619688208591e-14,0.4426278989900357,0.9999999999999953,1.0000000000000075
119,1.9895196601282805e-13,4.639799282408259e-14,0.4346089607391514,0.9999999999999953,1.0000000000000056
120,1.7053025658242404e-13,4.184245542641444e-14,0.4230881655251227,0.9999999999999941,1.0000000000000064
121,1.7053025658242404e-13,4.6058657347217857e-14,0.42279375557985455,0.9999999999999938,1.0000000000000047
123,1.2789769243681803e-13,3.978931005815134e-14,0.4224538464148716,0.9999999999999953,1.0000000000000067
125,1.7053025658242404e-13,4.53610482509248e-14,0.4217990119882697,0.9999999999999946,1.0000000000000073
127,1.9895196601282805e-13,4.316057572582144e-14,0.4217916312787339,0.9999999999999944,1.0000000000000062
129,2.4158453015843406e-13,5.228720126982695e-14,0.4216814595397042,0.9999999999999953,1.0000000000000042
131,1.5631940186722204e-13,4.238339958893441e-14,0.4215386878885765,0.9999999999999932,1.0000000000000067
133,1.971756091734278e-13,4.9442488532742876e-14,0.41859437109137126,0.9999999999999915,1.0000000000000062
135,1.7053025658242404e-13,4.682345046670957e-14,0.41762321447129275,0.999999999999995,1.0000000000000069
137,1.9895196601282805e-13,4.901351020100636e-14,0.4172351358956137,0.9999999999999911,1.0000000000000056
139,1.9895196601282805e-13,4.7637353694024164e-14,0.41715438051294224,0.9999999999999937,1.0000000000000073
140,2.2737367544323206e-13,5.0066300311917595e-14,0.4171302342125575,0.9999999999999952,1.0000000000000102
141,1.7053025658242404e-13,4.4213647715426804e-14,0.41712366435003456,0.9999999999999907,1.0000000000000082
143,2.5579538487363607e-13,4.7047059333031633e-14,0.414697546139324,0.9999999999999941,1.000000000000005
145,1.7053025658242404e-13,3.7681735126829276e-14,0.39249251337939967,0.9999999999999933,1.0000000000000064
147,2.5579538487363607e-13,4.530012041973938e-14,0.3924265431913553,0.9999999999999932,1.0000000000000058
149,1.7053025658242404e-13,4.410193314195555e-14,0.3873831962695749,0.9999999999999942,1.0000000000000069
151,2.3447910280083306e-13,6.912792634122995e-14,0.3719006127073725,0.9999999999999928,1.0000000000000109
153,2.3092638912203256e-13,4.9820714003081045e-14,0.2774918116334108,0.9999999999999907,1.0000000000000084
155,2.5579538487363607e-13,5.759837051755312e-14,0.2770744604986771,0.9999999999999899,1.000000000000009
157,2.5579538487363607e-13,6.153322720432015e-14,0.2559494502731892,0.9999999999999936,1.000000000000006
159,3.410605131648481e-13,6.097568292353234e-14,0.2508458420764594,0.9999999999999915,1.0000000000000109
160,2.4868995751603507e-13,5.880296249927141e-14,0.242320095974406,0.9999999999999899,1.0000000000000075
161,2.5579538487363607e-13,6.021684186482432e-14,0.20401216346952633,0.999999999999994,1.0000000000000124
163,1.9895196601282805e-13,5.803265162215496e-14,0.2039319887818874,0.9999999999999927,1.0000000000000089
165,2.2737367544323206e-13,5.6002340811849564e-14,0.16405393566788748,0.9999999999999878,1.000000000000008
167,3.410605131648481e-13,6.071390895024973e-14,0.07088419055076937,0.9999999999999915,1.0000000000000109
169,1.6484591469634324e-12,1.131310692726025e-13,0.018886055223641323,0.9999999999999839,1.0000000000000222
170,2.6716406864579767e-12,1.4426499210926255e-13,0.008845049937220394,0.9999999999999538,1.0000000000000504
172,2.9956481739645824e-11,1.0798284101512834e-12,0.0018382034188530007,0.9999999999993628,1.0000000000005433
173,7.059952622512355e-11,2.4727390976170753e-12,0.0007746075627931885,0.9999999999987587,1.0000000000009828
174,7.293010639841668e-11,3.197899161314492e-12,0.00028869210283385244,0.9999999999990312,1.000000000000954
175,4.982325663149823e-10,2.0001976900171517e-11,0.0001023172455668114,0.9999999999927268,1.0000000000083429
176,8.233769221988041e-10,3.2651729804781965e-11,3.4177440813046636e-05,0.9999999999879857,1.0000000000129818
177,1.0692247087717988e-09,4.224400114085873e-11,3.206285980711765e-05,0.9999999999856823,1.00000000001777
178,6.715481504215859e-10,2.5610538658582663e-11,2.8891432607511007e-05,0.9999999999888686,1.0000000000094398
179,1.1185079529241193e-09,4.555458803475166e-11,2.584942957026269e-05,0.999999999983617,1.000000000017122
180,1.655394044064451e-09,6.439712867894403e-11,2.389064444060448e-05,0.9999999999800155,1.000000000028253
181,1.730882104311604e-09,6.768798382445635e-11,2.3143417553171037e-05,0.9999999999790489,1.0000000000295268
182,1.5480736692552455e-09,6.145967373611144e-11,2.306361019780126e-05,0.999999999979457,1.0000000000262856
183,1.4377405932464171e-09,6.120431393027116e-11,2.297104584474619e-05,0.9999999999774946,1.0000000000202667
184,8.51470360885287e-09,5.172402904535969e-10,1.59387097267224e-05,0.9999999998546237,1.000000000149794
185,8.176911592272518e-09,5.30558318000028e-10,1.1149974745655855e-05,0.9999999998604657,1.000000000145391
186,4.442142653715564e-08,2.0887671986312373e-09,1.4562932324470317e-06,0.9999999992326045,1.0000000006684588
187,2.129918925675156e-07,7.538382815182744e-09,1.547437450635251e-07,0.999999996913305,1.0000000035354144
188,5.803396823012008e-05,2.5153098429192673e-06,8.577211382363804e-09,0.9999991651688569,1.000000943784067
189,5.679667771119057e-05,2.4108829597943596e-06,8.315195661779977e-09,0.9999991894364436,1.0000008749328833
190,5.8402677495905664e-05,2.4649396115683508e-06,7.649948427891022e-09,0.9999991653401902,1.0000008800998406
191,6.358021425967308e-05,2.6970212053626766e-06,7.568724164515333e-09,0.9999990975601644,1.0000009012335662
192,9.63219358141032e-05,4.113354052207724e-06,4.9569436303364366e-09,0.9999986012074917,1.0000015020804465
193,0.00010187235903913461,4.739271841558481e-06,3.534757847391257e-09,0.9999983088594546,1.0000019266601432
194,0.00010814414275728268,6.437534248705157e-06,2.305551574459591e-09,0.9999986794851753,1.000001126111283
195,6.340768885593207e-05,3.0603835981262265e-06,2.272199770871774e-09,0.9999988292059921,1.0000009902929226
196,0.0036532543550151786,0.00014192628420042452,1.246901258637721e-10,0.999940417466684,1.0000508457454294
197,0.03835642697771391,0.001713383088313072,3.6019792355026777e-11,0.9994203216563385,1.0006963963106341
198,1.6466703339765445,0.08098759499022681,3.9728546188874945e-13,0.8231025967631437,1.2443025086472341
199,16.999999999999943,0.7480678594688808,8.026846693223554e-15,0.85809271312894,1.432105177626947
200,122.49999999999983,1.4847937020450792,4.112578323255917e-15,0.9325442987694914,1.4860296625898903
