source_x,p,method,trace_error,volume_L2_error,max_gram_cond,min_rank,max_principal_angle_error_deg,mean_half_aperture_deg
0.0,1,ESPRIT-centered fan,0.6885589390491341,0.5710845018092277,1.0,1,5.088887490341627e-14,0.0
0.0,1,equispaced,0.6885589390494599,0.571084501809277,1.0,1,,
0.0,3,ESPRIT-centered fan,0.3334162658484331,0.20426325523244507,3.225603610193417,3,5.088887490341627e-14,16.765765513064785
0.0,3,equispaced,0.6873066647203616,0.5724727604744372,1.010871111953256,3,,
0.0,5,ESPRIT-centered fan,0.15216852581680507,0.09284621891741086,71.00404297934429,5,5.088887490341627e-14,26.3007422634582
0.0,5,equispaced,0.7273649634777779,0.7245893571987209,1.2867560017150952,5,,
0.0,7,ESPRIT-centered fan,0.06952874233829999,0.04164410945151651,2516.455829364711,7,5.088887490341627e-14,33.46950740005233
0.0,7,equispaced,0.6313493137047208,0.634373653765953,1.3617128043983229,7,,
0.0,9,ESPRIT-centered fan,0.032072431216552684,0.017674821184655087,109170.30387717068,9,5.088887490341627e-14,39.408367261848426
0.0,9,equispaced,0.6146531065178664,0.5179078630803314,2.105613834636554,9,,
0.0,13,ESPRIT-centered fan,0.007201346194853539,0.003351224529074205,555330498.777337,13,5.088887490341627e-14,47.721491311498355
0.0,13,equispaced,0.36712499723382236,0.09095515220654309,2.2779831800403723,13,,
0.0,17,ESPRIT-centered fan,0.0017761974193899537,0.0007485796872527608,252088885417.13922,16,5.088887490341627e-14,51.65924407778216
0.0,17,equispaced,0.11878784524482319,0.007140785815503296,4.03579758444571,17,,
0.0,21,ESPRIT-centered fan,0.0004790495265719885,0.0001873937928354947,792731251206.0703,17,5.088887490341627e-14,52.23414756451676
0.0,21,equispaced,0.025213870980973854,0.0009928339084942237,86.27377086438128,21,,
0.15,1,ESPRIT-centered fan,0.6932837891265591,0.5778186192412944,1.0,1,3.949472986257598e-07,0.0
0.15,1,equispaced,0.6932837891290036,0.5778186042342747,1.0,1,,
0.15,3,ESPRIT-centered fan,0.34933250979669445,0.21330223906944004,6.963259938007807,3,3.949472986257598e-07,16.938956379151442
0.15,3,equispaced,0.6918957002139656,0.5796954422279079,1.0108711119532563,3,,
0.15,5,ESPRIT-centered fan,0.17327470351328034,0.10525503365279472,286.92801535536285,5,3.949472986257598e-07,26.515342329664197
0.15,5,equispaced,0.7202871817245039,0.7225196230915276,1.2867560017150954,5,,
0.15,7,ESPRIT-centered fan,0.08922253434660507,0.051488714769932414,20832.950535458796,7,3.949472986257598e-07,33.78394859773094
0.15,7,equispaced,0.6329753754190095,0.6400565536140149,1.361712804398321,7,,
0.15,9,ESPRIT-centered fan,0.04788769315459103,0.024711862108704165,1776488.3118623872,9,3.949472986257598e-07,39.77703849578454
0.15,9,equispaced,0.6133606182944179,0.5257984078611884,2.105613834636554,9,,
0.15,13,ESPRIT-centered fan,0.015717692056352664,0.006633553560993132,28321563965.97624,13,3.949472986257598e-07,48.003987069607206
0.15,13,equispaced,0.3706843670207662,0.09069416794655737,2.2779831800403714,13,,
0.15,17,ESPRIT-centered fan,0.006004436438741234,0.0022413341352204436,375095240236.8851,15,3.949472986257598e-07,51.73385208690274
0.15,17,equispaced,0.12386296054569983,0.006844038789386795,4.03579758444571,17,,
0.15,21,ESPRIT-centered fan,0.0025470026629863937,0.0008637145824502121,380303597077.78973,15,3.949472986257598e-07,52.12553897915236
0.15,21,equispaced,0.02962723026170707,0.0008922991751720732,86.27377086438428,21,,
0.25,1,ESPRIT-centered fan,0.7006175587652876,0.5885221534492362,1.0,1,7.558310856129824e-08,0.0
0.25,1,equispaced,0.7006175587656008,0.588522141520196,1.0,1,,
0.25,3,ESPRIT-centered fan,0.3795677342656554,0.23054309625536068,11.148771103981481,3,7.558310856129824e-08,17.272360077319462
0.25,3,equispaced,0.6989055259975822,0.5911944848333607,1.0108711119532563,3,,
0.25,5,ESPRIT-centered fan,0.21837339379710505,0.12882055230637743,685.5353924145955,5,7.558310856129824e-08,26.930998256553746
0.25,5,equispaced,0.6844799356548047,0.6254269209843284,1.286756001715095,5,,
0.25,7,ESPRIT-centered fan,0.136023601881769,0.07115443629889806,72422.1910311239,7,7.558310856129824e-08,34.38984038289396
0.25,7,equispaced,0.634690976861963,0.6486417079115898,1.3617128043983207,7,,
0.25,9,ESPRIT-centered fan,0.09044633733045802,0.04028411262152749,9455730.581095798,9,7.558310856129824e-08,40.447661330474695
0.25,9,equispaced,0.59872154867772,0.5367286907035863,2.1056138346365523,9,,
0.25,13,ESPRIT-centered fan,0.04651135437147648,0.01627646063404588,313665895429.7105,13,7.558310856129824e-08,48.41076602812436
0.25,13,equispaced,0.3803052942782484,0.09022954867022843,2.2779831800403723,13,,
0.25,17,ESPRIT-centered fan,0.027180434626823954,0.008205668174774828,255544255519.66632,14,7.558310856129824e-08,51.72600857060314
0.25,17,equispaced,0.1422393797257524,0.007352740362014326,4.035797584445708,17,,
0.25,21,ESPRIT-centered fan,0.017005816147507267,0.004597852926594092,992141143238.8911,15,7.558310856129824e-08,51.84654961968945
0.25,21,equispaced,0.05178105031463355,0.0013478572572198358,86.27377086438005,21,,
0.35,1,ESPRIT-centered fan,0.7011517016823008,0.6359864858043948,1.0,1,29.65932001394455,0.0
0.35,1,equispaced,0.7011517016824814,0.6359864474437263,1.0,1,,
0.35,3,ESPRIT-centered fan,0.48126241546425236,0.3300778903713544,17.2108882688065,3,29.65932001394455,17.306705797332597
0.35,3,equispaced,0.6969383420964735,0.6533804440058598,1.0108711119532559,3,,
0.35,5,ESPRIT-centered fan,0.3836758518936881,0.20584522156743265,1532.411479528128,5,29.65932001394455,28.76085463788086
0.35,5,equispaced,0.6734832598826681,0.6576054392882489,1.2867560017150956,5,,
0.35,7,ESPRIT-centered fan,0.33299934548373716,0.1355117588335549,235242.00143162452,7,29.65932001394455,37.45722515370177
0.35,7,equispaced,0.6352861419999536,0.6389996238395794,1.3617128043983213,7,,
0.35,9,ESPRIT-centered fan,0.30223569209926887,0.09893213801243385,43399209.245271035,9,29.65932001394455,44.39553620583105
0.35,9,equispaced,0.6187643720808663,0.5321017794634318,2.1056138346365536,9,,
0.35,13,ESPRIT-centered fan,0.2641192958256776,0.06254483157333228,104191727114.68074,12,29.65932001394455,52.82019707457512
0.35,13,equispaced,0.4484140142110595,0.09378967759138633,2.277983180040372,13,,
0.35,17,ESPRIT-centered fan,0.23618806647920765,0.04458619407577632,972722366672.6965,14,29.65932001394455,55.49218185555381
0.35,17,equispaced,0.29287134495346573,0.011012292311204661,4.0357975844457075,17,,
0.35,21,ESPRIT-centered fan,0.21920595114700944,0.031555570665814776,187366579316.60553,14,29.65932001394455,57.1265288888989
0.35,21,equispaced,0.2456194978869805,0.003762537810761171,86.27377086438345,21,,
