source_x,element,p,method,trace_error,volume_L2_error,gram_cond,rank,angle_error_deg,esprit_hankel_cond,nfev
0.0,0,1,ESPRIT+VP,0.6885589390491335,0.5710845018092271,1.0,1,1.0160027485560688e-09,1.0,9
0.0,0,1,equispaced,0.6970511254435483,0.572469682463739,1.0,1,,,0
0.0,0,3,ESPRIT+VP,0.6775883115414996,0.5930397968156466,1.0257803790488174,3,1.9504923461250002e-06,35.12550124869674,32
0.0,0,3,equispaced,0.6877938285104505,0.5725568851434424,1.0108711119532554,3,,,0
0.0,0,5,ESPRIT+VP,0.14232560905632197,0.12273740577793275,1834272966.902446,4,21.09032326348959,45.93417303087538,66
0.0,0,5,equispaced,0.6781195477867384,0.5965679550884538,1.286756001715095,5,,,0
0.0,0,7,ESPRIT+VP,0.2911020512367166,0.27612880156593866,64486088788.55858,7,0.0017832629544466128,46.588440010395516,52
0.0,0,7,equispaced,0.6313522962399046,0.6343749290985196,1.3617128043983198,7,,,0
0.0,0,9,ESPRIT+VP,0.012814159703941484,0.005840225086660129,2641256.6673242054,7,0.006717994899146266,209.52497130076452,40
0.0,0,9,equispaced,0.6146540299067749,0.5179095674301509,2.105613834636551,9,,,0
0.0,0,11,ESPRIT+VP,0.005906484430245309,0.0027620388304183435,274630184249.70767,9,0.007345379932886456,7843.2240865466465,32
0.0,0,11,equispaced,0.4982934866190708,0.3172962909278596,2.7329771677225088,11,,,0
0.0,1,1,ESPRIT+VP,0.6885589390491336,0.5710845018092269,1.0,1,3.4162846722348667e-09,1.0,5
0.0,1,1,equispaced,0.692931797287621,0.5717727807781978,1.0,1,,,0
0.0,1,3,ESPRIT+VP,0.6775883115414972,0.5930397968918292,1.0257803785663595,3,1.8740030339238595e-06,35.125501248696786,32
0.0,1,3,equispaced,0.6873261715324132,0.5724761162817906,1.0108711119532559,3,,,0
0.0,1,5,ESPRIT+VP,0.14232560883327264,0.12273763054916048,8171066583.48697,5,21.090455575441833,45.934173030875385,64
0.0,1,5,equispaced,0.6783664956011697,0.5967155676813085,1.2867560017150936,5,,,0
0.0,1,7,ESPRIT+VP,0.29110205104580505,0.2761295431186213,438702073146.7253,7,0.0013563162470866625,46.58844001039557,50
0.0,1,7,equispaced,0.6313761547243694,0.6343851319433715,1.3617128043983193,7,,,0
0.0,1,9,ESPRIT+VP,0.012814227818899177,0.005832038770082517,10974679053.540531,8,0.003997622863153145,209.5249713007646,39
0.0,1,9,equispaced,0.614661416811902,0.5179232018376958,2.1056138346365527,9,,,0
0.0,1,11,ESPRIT+VP,0.005901271541864885,0.0027220171013821503,1072227667.3905009,9,0.0015319514117238325,7843.22408654659,33
0.0,1,11,equispaced,0.4983562733774622,0.3173254850448459,2.7329771677225034,11,,,0
0.0,2,1,ESPRIT+VP,0.6885589390491335,0.5710845018092271,1.0,1,4.692491143725211e-08,1.0,3
0.0,2,1,equispaced,0.6901429265159933,0.5713278086860806,1.0,1,,,0
0.0,2,3,ESPRIT+VP,0.6775883115413572,0.5930398330136947,1.0257801505028443,3,1.3210546079427876e-06,35.12550124869677,33
0.0,2,3,equispaced,0.6882605146557151,0.5726380938963848,1.0108711119532554,3,,,0
0.0,2,5,ESPRIT+VP,0.14232560901569016,0.12273815457766314,4178857376.1016145,5,21.09036285010183,45.93417303087538,70
0.0,2,5,equispaced,0.678070123762212,0.5965384333467607,1.2867560017150943,5,,,0
0.0,2,7,ESPRIT+VP,0.2911020509594173,0.2761292941918509,92104086010.85799,7,0.000901691621615484,46.58844001039557,55
0.0,2,7,equispaced,0.631423862095072,0.6344055386090682,1.3617128043983207,7,,,0
0.0,2,9,ESPRIT+VP,0.012814140711571902,0.005831900279337286,836392989688.8018,8,5.0501702407098255e-05,209.52497130076398,45
0.0,2,9,equispaced,0.614676189450851,0.5179504684347918,2.1056138346365527,9,,,0
0.0,2,11,ESPRIT+VP,0.005906506073981987,0.00276221066823472,335060745680.3823,9,0.003907927694791287,7843.22408654694,28
0.0,2,11,equispaced,0.4982809268641925,0.31729045056996197,2.73297716772251,11,,,0
0.0,3,1,ESPRIT+VP,0.6885589390491333,0.5710845018092278,1.0,1,2.2018343948835633e-08,1.0,4
0.0,3,1,equispaced,0.6887354842866834,0.571111285822593,1.0,1,,,0
0.0,3,3,ESPRIT+VP,0.6775883115413563,0.5930398327719885,1.0257801520278262,3,1.1671027846968535e-06,35.125501248696686,33
0.0,3,3,equispaced,0.6874821652276845,0.5725029902960095,1.0108711119532552,3,,,0
0.0,3,5,ESPRIT+VP,0.14232560920240672,0.12273862313897288,5174737227.341761,5,21.09050065447126,45.9341730308752,70
0.0,3,5,equispaced,0.6782183613635614,0.5966269993511263,1.2867560017150945,5,,,0
0.0,3,7,ESPRIT+VP,0.29110205097157815,0.27612994912861466,10315380677.65409,6,0.0012132887567708503,46.58844001039541,51
0.0,3,7,equispaced,0.631495399163708,0.6344361510464774,1.3617128043983209,7,,,0
0.0,3,9,ESPRIT+VP,0.012814143775801362,0.005831283564332387,369838.41621329274,7,0.0011248523465610559,209.52497130076463,44
0.0,3,9,equispaced,0.61469834548135,0.5179913627862621,2.1056138346365545,9,,,0
0.0,3,11,ESPRIT+VP,0.00590613077424663,0.0027502483380267497,60965904865.538826,9,0.010985225311716038,7843.224086546537,29
0.0,3,11,equispaced,0.4983186037254123,0.31730797010899225,2.7329771677225043,11,,,0
0.0,4,1,ESPRIT+VP,0.6885589390491333,0.5710845018092273,1.0,1,4.725235590281814e-09,1.0,8
0.0,4,1,equispaced,0.6887354842866834,0.5711112858225925,1.0,1,,,0
0.0,4,3,ESPRIT+VP,0.6775883115413536,0.5930398329284453,1.0257801510385975,3,9.869525544286415e-07,35.12550124869668,33
0.0,4,3,equispaced,0.6874821652276845,0.5725029902960094,1.010871111953256,3,,,0
0.0,4,5,ESPRIT+VP,0.1423256096591726,0.12273911962745411,10452473983.133892,5,21.090008688282737,45.93417303087519,64
0.0,4,5,equispaced,0.6782183613635614,0.596626999351126,1.2867560017150943,5,,,0
0.0,4,7,ESPRIT+VP,0.2911020508963188,0.27612813391719637,58300800035.97756,7,0.0005093341096129892,46.58844001039539,54
0.0,4,7,equispaced,0.6314953991637079,0.6344361510464772,1.3617128043983207,7,,,0
0.0,4,9,ESPRIT+VP,0.012814148397255119,0.00583171578586088,299202853613.2372,8,0.0018268516407091832,209.52497130076435,43
0.0,4,9,equispaced,0.61469834548135,0.5179913627862619,2.1056138346365527,9,,,0
0.0,4,11,ESPRIT+VP,0.005901364012217929,0.002756206467268781,6291349600.842609,9,0.00258923530968236,7843.224086546531,39
0.0,4,11,equispaced,0.498318603725412,0.31730797010899275,2.7329771677225083,11,,,0
0.0,5,1,ESPRIT+VP,0.6885589390491336,0.5710845018092268,1.0,1,2.3840979892376393e-08,1.0,4
0.0,5,1,equispaced,0.6901429265159933,0.5713278086860802,1.0,1,,,0
0.0,5,3,ESPRIT+VP,0.6775883115413518,0.5930398330246753,1.025780150429823,3,8.162756698902626e-07,35.12550124869676,33
0.0,5,3,equispaced,0.6882605146557151,0.5726380938963845,1.0108711119532559,3,,,0
0.0,5,5,ESPRIT+VP,0.14232560912957087,0.12273841406574548,158959376054.17242,5,21.090445461251942,45.9341730308754,68
0.0,5,5,equispaced,0.678070123762212,0.5965384333467603,1.2867560017150943,5,,,0
0.0,5,7,ESPRIT+VP,0.2911020508865454,0.2761296150797294,4912221249.149484,7,0.0005703724361487616,46.588440010395544,64
0.0,5,7,equispaced,0.6314238620950722,0.6344055386090679,1.3617128043983213,7,,,0
0.0,5,9,ESPRIT+VP,0.012814132426920215,0.0058332290794741205,629677.9486301072,7,0.0005965313614954447,209.52497130076463,45
0.0,5,9,equispaced,0.6146761894508511,0.5179504684347912,2.1056138346365563,9,,,0
0.0,5,11,ESPRIT+VP,0.00590556848804816,0.0027967068601304347,59917034676.31594,9,0.006884791994596819,7843.224086546754,29
0.0,5,11,equispaced,0.49828092686419295,0.317290450569962,2.7329771677225057,11,,,0
0.0,6,1,ESPRIT+VP,0.6885589390491333,0.5710845018092273,1.0,1,4.727983589526599e-09,1.0,8
0.0,6,1,equispaced,0.692931797287621,0.5717727807781984,1.0,1,,,0
0.0,6,3,ESPRIT+VP,0.6775883115415023,0.5930397961557266,1.0257803832165837,3,1.4305831150639725e-06,35.12550124869667,32
0.0,6,3,equispaced,0.687326171532413,0.5724761162817912,1.0108711119532563,3,,,0
0.0,6,5,ESPRIT+VP,0.14232560887252363,0.12273773601319865,3771947441.0031085,5,21.09034277731198,45.93417303087522,70
0.0,6,5,equispaced,0.6783664956011694,0.5967155676813091,1.2867560017150943,5,,,0
0.0,6,7,ESPRIT+VP,0.29110205086045754,0.2761297683752091,562571054158.9543,7,0.0004107758634330272,46.588440010395395,55
0.0,6,7,equispaced,0.6313761547243691,0.634385131943372,1.361712804398319,7,,,0
0.0,6,9,ESPRIT+VP,0.012814156747734347,0.005830683981860832,798042.3595429088,7,0.006769305673158761,209.52497130076438,44
0.0,6,9,equispaced,0.614661416811902,0.5179232018376962,2.1056138346365514,9,,,0
0.0,6,11,ESPRIT+VP,0.005906491382713716,0.0027621185271697623,180942748972.00488,9,0.00585104915713237,7843.2240865465155,30
0.0,6,11,equispaced,0.4983562733774623,0.31732548504484626,2.7329771677225074,11,,,0
0.0,7,1,ESPRIT+VP,0.6885589390491333,0.5710845018092277,1.0,1,5.318090982906614e-09,1.0,7
0.0,7,1,equispaced,0.6970511254435483,0.5724696824637395,1.0,1,,,0
0.0,7,3,ESPRIT+VP,0.6775883115414987,0.5930397965645366,1.0257803806342696,3,1.2767299144576005e-06,35.125501248696665,32
0.0,7,3,equispaced,0.6877938285104505,0.5725568851434429,1.0108711119532552,3,,,0
0.0,7,5,ESPRIT+VP,0.1423256095391909,0.12273896120941542,38421913917.380974,5,21.089877017301514,45.93417303087524,77
0.0,7,5,equispaced,0.6781195477867383,0.5965679550884544,1.2867560017150943,5,,,0
0.0,7,7,ESPRIT+VP,0.29110205099446673,0.2761307963421417,14379668157.040346,7,0.0008034838223086552,46.588440010395395,69
0.0,7,7,equispaced,0.6313522962399043,0.6343749290985201,1.3617128043983193,7,,,0
0.0,7,9,ESPRIT+VP,0.012814128014355587,0.005834109607236808,1401273.2641117258,7,0.0033753249659093454,209.52497130076435,45
0.0,7,9,equispaced,0.6146540299067749,0.5179095674301515,2.105613834636552,9,,,0
0.0,7,11,ESPRIT+VP,0.005905918125221609,0.002752336108198162,10154558649.544655,8,0.0044917244734344434,7843.2240865468175,28
0.0,7,11,equispaced,0.49829348661907114,0.3172962909278599,2.7329771677225065,11,,,0
0.15,0,1,ESPRIT+VP,0.7941272292335969,0.6611583825116367,1.0,1,1.0224619112392707e-06,1.0,2
0.15,0,1,equispaced,0.7968579125056473,0.6618905496586905,1.0,1,,,0
0.15,0,3,ESPRIT+VP,0.7152728413199639,0.726830000610518,1.3325368381343174,3,1.0997680235964909e-05,134.97721372192584,66
0.15,0,3,equispaced,0.7921000690414591,0.6639046443704132,1.0108711119532556,3,,,0
0.15,0,5,ESPRIT+VP,0.24011159989843148,0.1376943905242605,34.12574797160535,5,21.065556977805162,1148.5539292919268,65
0.15,0,5,equispaced,0.7741947833762829,0.7053312067051775,1.286756001715095,5,,,0
0.15,0,7,ESPRIT+VP,0.18664462322384204,0.1327103937218374,24731323308.351044,7,11.092189929874534,1174.7111288925835,183
0.15,0,7,equispaced,0.713879994444566,0.7320493999494948,1.3617128043983204,7,,,0
0.15,0,9,ESPRIT+VP,0.05677722698345282,0.03372771391240115,190216603582.1203,8,0.010296010036051963,1561.4701454797105,36
0.15,0,9,equispaced,0.6777837644924893,0.6073254606347278,2.1056138346365523,9,,,0
0.15,0,11,ESPRIT+VP,0.023468456615012772,0.009740713080363159,11665431718.005829,9,0.0032952275315712744,23830.09156098652,32
0.15,0,11,equispaced,0.5580852880647392,0.3707840768978461,2.732977167722511,11,,,0
0.15,1,1,ESPRIT+VP,0.7202718174565481,0.6028237708911467,1.0,1,1.2216955809156772e-08,1.0,8
0.15,1,1,equispaced,0.7202841782877801,0.6029747655550027,1.0,1,,,0
0.15,1,3,ESPRIT+VP,0.7077350329571939,0.6319627998403982,1.0210105956690634,3,3.878612810564992e-06,61.68662988948726,48
0.15,1,3,equispaced,0.7188512710485017,0.6050868537965683,1.010871111953256,3,,,0
0.15,1,5,ESPRIT+VP,0.1343672184534848,0.09112220882667109,5180443621.947409,5,13.689734809627451,116.84739156491773,97
0.15,1,5,equispaced,0.7076222305082343,0.6339412321507314,1.2867560017150939,5,,,0
0.15,1,7,ESPRIT+VP,0.31829754213777267,0.30692857645483396,207624476030.22025,7,0.0003213548683245981,117.60228213696665,69
0.15,1,7,equispaced,0.6570734301462307,0.6667295351789464,1.3617128043983202,7,,,0
0.15,1,9,ESPRIT+VP,0.018151087629412633,0.008048101107938022,923119.0053337878,7,0.00330617887347278,324.29348330392355,39
0.15,1,9,equispaced,0.6354646018827255,0.548150412711833,2.105613834636554,9,,,0
0.15,1,11,ESPRIT+VP,0.008814492908815332,0.003979925138293941,8546429014.113466,9,0.0007678613104715685,10268.343099416472,32
0.15,1,11,equispaced,0.5167992107626319,0.3336310733247072,2.732977167722504,11,,,0
0.15,2,1,ESPRIT+VP,0.6425412931625143,0.5359887258300555,1.0,1,7.401786854701896e-11,1.0,8
0.15,2,1,equispaced,0.6451080913430695,0.5382324318319062,1.0,1,,,0
0.15,2,3,ESPRIT+VP,0.633376744382541,0.555055416582645,1.0334118312876182,3,1.4413112277822987e-06,12.275189787351362,22
0.15,2,3,equispaced,0.6423264367816793,0.5366529976329691,1.0108711119532559,3,,,0
0.15,2,5,ESPRIT+VP,0.2669000808973322,0.23755890743341238,5.392527884033776,5,2.551656790277386e-05,12.68423166630063,37
0.15,2,5,equispaced,0.6345101951066077,0.5572909479027061,1.2867560017150952,5,,,0
0.15,2,7,ESPRIT+VP,0.09046700782286919,0.08267065766431043,961282988639.6987,7,15.627910521682164,14.629842865609653,182
0.15,2,7,equispaced,0.5931514821918669,0.5943896345419232,1.36171280439832,7,,,0
0.15,2,9,ESPRIT+VP,0.007689718985154708,0.0035356061734751793,1535388.1883032315,7,0.0009443926190866791,134.92255697971237,38
0.15,2,9,equispaced,0.5821534527234073,0.484785712194112,2.105613834636553,9,,,0
0.15,2,11,ESPRIT+VP,0.003303362927685642,0.001579420389034938,120808160328.94862,9,0.044565259508791887,5936.227586545522,30
0.15,2,11,equispaced,0.47045786836711867,0.2955086976252943,2.7329771677225057,11,,,0
0.15,3,1,ESPRIT+VP,0.6002339446806596,0.4976812316461437,1.0,1,3.663998993045972e-12,1.0,8
0.15,3,1,equispaced,0.6069382962118361,0.5005605961037027,1.0,1,,,0
0.15,3,3,ESPRIT+VP,0.5923883186733664,0.5118284617261778,1.040670863683714,3,8.474717969834919e-07,4.370772354667081,16
0.15,3,3,equispaced,0.5993741344413746,0.4986169060586457,1.0108711119532554,3,,,0
0.15,3,5,ESPRIT+VP,0.23850575953445666,0.18588494142770406,7.711170479330523,5,1.1989609110168737,4.375327548308557,29
0.15,3,5,equispaced,0.5943955528424968,0.5143370252926847,1.2867560017150956,5,,,0
0.15,3,7,ESPRIT+VP,0.0753655227964244,0.0682440804422769,1027080.5069962472,6,18.899579636289285,6.845654463860673,438
0.15,3,7,equispaced,0.5566584739603271,0.5529958862080276,1.36171280439832,7,,,0
0.15,3,9,ESPRIT+VP,0.0047429563077733125,0.002226681558089978,978064.1659397288,7,1.9687349340226146e-05,107.54372489186572,40
0.15,3,9,equispaced,0.5502398002429079,0.4491710455375261,2.1056138346365527,9,,,0
0.15,3,11,ESPRIT+VP,0.001918738342650949,0.0009146516939639658,2480764990.237092,9,0.13498635270126288,5431.879897460488,37
0.15,3,11,equispaced,0.4438354676964516,0.27487977556215487,2.7329771677225074,11,,,0
0.15,4,1,ESPRIT+VP,0.6002339446806596,0.4976812316435738,1.0,1,3.815953173507572e-09,1.0,5
0.15,4,1,equispaced,0.6069382962118361,0.5005605961037024,1.0,1,,,0
0.15,4,3,ESPRIT+VP,0.5923883186733673,0.5118284590458255,1.0406708667586286,3,9.1065196362008e-07,4.37077235466708,16
0.15,4,3,equispaced,0.5993741344413746,0.4986169060586451,1.010871111953256,3,,,0
0.15,4,5,ESPRIT+VP,0.23850575953445496,0.18862524024536415,7.711170155103991,5,1.198961260881273,4.375327548308556,29
0.15,4,5,equispaced,0.5943955528424968,0.5143370252926842,1.2867560017150945,5,,,0
0.15,4,7,ESPRIT+VP,0.07536552407195891,0.06886003029590372,37053489376.09246,7,18.899592823557676,6.845654463860677,434
0.15,4,7,equispaced,0.5566584739603272,0.5529958862080273,1.3617128043983204,7,,,0
0.15,4,9,ESPRIT+VP,0.004742985445685057,0.0022262993523361383,317518805575.3639,8,0.00034495552458924334,107.54372489186582,48
0.15,4,9,equispaced,0.5502398002429079,0.4491710455375252,2.105613834636554,9,,,0
0.15,4,11,ESPRIT+VP,0.0019172251998257038,0.0009111566282502693,14671950101.702085,9,0.021761418640220038,5431.879897461166,30
0.15,4,11,equispaced,0.443835467696451,0.2748797755621546,2.7329771677225034,11,,,0
0.15,5,1,ESPRIT+VP,0.6425412931625143,0.5359887258209295,1.0,1,5.498186711189804e-09,1.0,5
0.15,5,1,equispaced,0.6451080913430695,0.5382324318319062,1.0,1,,,0
0.15,5,3,ESPRIT+VP,0.6333767443825451,0.5550554047692703,1.0334118325317405,3,1.716109549261187e-06,12.275189787351366,22
0.15,5,3,equispaced,0.6423264367816792,0.5366529976329697,1.0108711119532563,3,,,0
0.15,5,5,ESPRIT+VP,0.26690008089734374,0.23755894047957524,5.392527823380085,5,2.700850605497601e-05,12.684231666300631,37
0.15,5,5,equispaced,0.6345101951066077,0.5572909479027066,1.2867560017150936,5,,,0
0.15,5,7,ESPRIT+VP,0.09046699578245038,0.08076258920363429,348443827562.3836,7,15.628750815248491,14.629842865609676,198
0.15,5,7,equispaced,0.5931514821918671,0.5943896345419233,1.3617128043983222,7,,,0
0.15,5,9,ESPRIT+VP,0.007689725336730843,0.0035361395479057926,853646.0431577457,7,0.00279047732801738,134.9225569797118,40
0.15,5,9,equispaced,0.5821534527234075,0.4847857121941128,2.1056138346365523,9,,,0
0.15,5,11,ESPRIT+VP,0.0033043926109848137,0.001564402714973374,45006333082.03114,9,0.03723718959697483,5936.227586545953,30
0.15,5,11,equispaced,0.47045786836711906,0.29550869762529486,2.7329771677225074,11,,,0
0.15,6,1,ESPRIT+VP,0.7202718174565482,0.6028237708587328,1.0,1,3.1451716467431715e-08,1.0,4
0.15,6,1,equispaced,0.7202841782877802,0.6029747655550023,1.0,1,,,0
0.15,6,3,ESPRIT+VP,0.7077350329572055,0.6319628295265582,1.0210105930455966,3,3.6895517729123495e-06,61.6866298894871,48
0.15,6,3,equispaced,0.718851271048502,0.605086853796568,1.0108711119532554,3,,,0
0.15,6,5,ESPRIT+VP,0.1343672182194141,0.09035540609726901,212458272236.37076,5,13.689296674400925,116.8473915649177,94
0.15,6,5,equispaced,0.7076222305082343,0.633941232150731,1.2867560017150945,5,,,0
0.15,6,7,ESPRIT+VP,0.31829754227790397,0.30692931192328576,25356458202.962418,7,0.0011697099974265514,117.60228213696661,77
0.15,6,7,equispaced,0.6570734301462308,0.6667295351789464,1.3617128043983195,7,,,0
0.15,6,9,ESPRIT+VP,0.018151083765119903,0.008050401357204999,700398.8194760763,7,0.003186051749179236,324.2934833039237,41
0.15,6,9,equispaced,0.6354646018827257,0.5481504127118331,2.1056138346365527,9,,,0
0.15,6,11,ESPRIT+VP,0.008814285380581141,0.003986788638983242,2171797288.1950855,9,0.008264221670926528,10268.343099417185,30
0.15,6,11,equispaced,0.5167992107626324,0.33363107332470743,2.732977167722509,11,,,0
0.15,7,1,ESPRIT+VP,0.7941272292335964,0.6611583821928476,1.0,1,5.770097165351236e-07,1.0,2
0.15,7,1,equispaced,0.7968579125056474,0.66189054965869,1.0,1,,,0
0.15,7,3,ESPRIT+VP,0.7152728413199476,0.726830010499044,1.3325368464165934,3,9.688368732072615e-06,134.97721372192626,66
0.15,7,3,equispaced,0.792100069041459,0.6639046443704129,1.0108711119532559,3,,,0
0.15,7,5,ESPRIT+VP,0.45456893113768726,0.27683015246398307,1.5853713032556735,5,0.0001302243683930255,1148.55392929192,114
0.15,7,5,equispaced,0.7741947833762829,0.7053312067051773,1.2867560017150952,5,,,0
0.15,7,7,ESPRIT+VP,0.18664461719772343,0.13359789861599955,396756647640.5192,7,11.092982095995712,1174.711128892584,197
0.15,7,7,equispaced,0.713879994444566,0.7320493999494946,1.3617128043983202,7,,,0
0.15,7,9,ESPRIT+VP,0.05677722762555689,0.03345804393559249,150288889881.17838,8,0.0036508621319200707,1561.4701454796975,37
0.15,7,9,equispaced,0.6777837644924896,0.6073254606347283,2.1056138346365514,9,,,0
0.15,7,11,ESPRIT+VP,0.023467166771925525,0.009731977610723119,51250673405.72061,9,0.009669049247391624,23830.091561000554,30
0.15,7,11,equispaced,0.5580852880647396,0.3707840768978461,2.732977167722507,11,,,0
0.25,0,1,ESPRIT+VP,0.8706201518886508,0.729067790414939,1.0,1,1.52338566906518e-05,1.0,5
0.25,0,1,equispaced,0.8716123146154899,0.7298276046751991,1.0,1,,,0
0.25,0,3,ESPRIT+VP,0.7710755510053418,0.7968351269742749,1.345551544415131,3,4.82777685132326e-06,232.69750148536212,69
0.25,0,3,equispaced,0.8674701075289525,0.7339525373299406,1.0108711119532559,3,,,0
0.25,0,5,ESPRIT+VP,0.5041836390472456,0.5005446597801105,29925561506.96093,5,12.372724546248218,9304.08200895295,264
0.25,0,5,equispaced,0.8026494796924936,0.9558338866566836,1.286756001715094,5,,,0
0.25,0,7,ESPRIT+VP,0.2754732516089101,0.2169567580793044,373591183891.91595,7,7.345312444705754,16602.44427989603,267
0.25,0,7,equispaced,0.7394103310483897,0.8141289541398715,1.36171280439832,7,,,0
0.25,0,9,ESPRIT+VP,0.2564173598499951,0.24072391548845462,880272655300.3107,9,6.052904139838067,16873.77606174445,212
0.25,0,9,equispaced,0.672459879616365,0.6746329142991083,2.10561383463655,9,,,0
0.25,0,11,ESPRIT+VP,0.07814707183824221,0.02551135555351544,3611591134.227152,9,0.020143984975735958,81619.36085790182,30
0.25,0,11,equispaced,0.6035931583101559,0.41403002164943975,2.7329771677225065,11,,,0
0.25,1,1,ESPRIT+VP,0.7296843257972349,0.6194281490927465,1.0,1,2.417748257767523e-08,1.0,5
0.25,1,1,equispaced,0.7345069635007315,0.6241066660463956,1.0,1,,,0
0.25,1,3,ESPRIT+VP,0.7166148964322865,0.6524431521481372,1.0214143720999047,3,5.339417518045575e-06,71.00231529134429,56
0.25,1,3,equispaced,0.7282383660793408,0.6223081870196492,1.0108711119532556,3,,,0
0.25,1,5,ESPRIT+VP,0.659631976629387,0.6885100862335359,1.5242551335583294,5,5.232291054875363e-06,155.11969979372128,27
0.25,1,5,equispaced,0.7163159334966538,0.6517048447148323,1.2867560017150945,5,,,0
0.25,1,7,ESPRIT+VP,0.32659054026295464,0.31582186644881705,447008049637.587,7,0.0012173297266565178,155.8541427345461,83
0.25,1,7,equispaced,0.6646517385147951,0.6804188957968873,1.361712804398319,7,,,0
0.25,1,9,ESPRIT+VP,0.020129964152100797,0.00889589114704816,86339.07218075867,7,0.01795807154854007,380.42902940857823,37
0.25,1,9,equispaced,0.6413699190903682,0.5610858687018638,2.1056138346365527,9,,,0
0.25,1,11,ESPRIT+VP,0.009941457198026577,0.0044727263556933435,966809036541.7086,9,0.00027962798427191556,11245.286433233847,29
0.25,1,11,equispaced,0.5221742195350706,0.3370516478797039,2.732977167722508,11,,,0
0.25,2,1,ESPRIT+VP,0.6080495333614694,0.5112916930430205,1.0,1,4.0629448722950485e-08,1.0,3
0.25,2,1,equispaced,0.6085891368867777,0.5125415986512556,1.0,1,,,0
0.25,2,3,ESPRIT+VP,0.5999799444526889,0.5293884646072373,1.039525983064213,3,9.96909471692244e-07,5.2512724959944,17
0.25,2,3,equispaced,0.6076728129372432,0.5140221272001576,1.0108711119532559,3,,,0
0.25,2,5,ESPRIT+VP,0.24494626838638722,0.1892384079314143,7.2030371615458275,5,1.2413541642550492,5.265728786860374,31
0.25,2,5,equispaced,0.6019373716888133,0.5312829097024518,1.2867560017150945,5,,,0
0.25,2,7,ESPRIT+VP,0.07794984453600604,0.0712422269117297,66658.93500098107,6,19.076588451138427,7.737636558722659,428
0.25,2,7,equispaced,0.5635445013047243,0.564627408021559,1.36171280439832,7,,,0
0.25,2,9,ESPRIT+VP,0.005192827717747953,0.002412183498708485,3643408.503431291,7,0.00715165231597048,110.42826063895598,42
0.25,2,9,equispaced,0.55627044115248,0.4611306764461716,2.1056138346365563,9,,,0
0.25,2,11,ESPRIT+VP,0.0021234018694109846,0.00101173241773602,473517120.7755013,8,0.006423507623094842,5439.417220135131,28
0.25,2,11,equispaced,0.44871368161540565,0.2783539434987577,2.7329771677225043,11,,,0
0.25,3,1,ESPRIT+VP,0.5507418585806523,0.45692784454115926,1.0,1,3.714887867949387e-12,1.0,7
0.25,3,1,equispaced,0.5511249497165556,0.45669735321830457,1.0,1,,,0
0.25,3,3,ESPRIT+VP,0.5441487684330713,0.46848619906264555,1.0464606342878997,3,2.04437276593554e-07,1.6636824413518359,13
0.25,3,3,equispaced,0.550381427537222,0.4575801929718516,1.0108711119532559,3,,,0
0.25,3,5,ESPRIT+VP,0.1946195189435387,0.17091941889802711,12.41183841127024,5,2.8117721650359418e-06,1.6804716242058717,17
0.25,3,5,equispaced,0.5463259141594528,0.47007706399331006,1.2867560017150939,5,,,0
0.25,3,7,ESPRIT+VP,0.013414266058158578,0.008406785906848365,111282253446.09402,6,6.2554692437308566,4.703502956211756,53
0.25,3,7,equispaced,0.5135553301208569,0.5074074897474302,1.3617128043983204,7,,,0
0.25,3,9,ESPRIT+VP,0.0026233405235097664,0.001246970228031827,2288863.724520996,7,0.003695955400820813,117.65845499171633,38
0.25,3,9,equispaced,0.5109204405825598,0.4123081908393515,2.1056138346365527,9,,,0
0.25,3,11,ESPRIT+VP,0.0009891740095450876,0.00047497775806291237,4584853757.256183,9,0.014005901546527732,6898.963401193874,31
0.25,3,11,equispaced,0.41135050833240455,0.25140853470158153,2.7329771677225088,11,,,0
0.25,4,1,ESPRIT+VP,0.550741858580652,0.45692784448974133,1.0,1,4.847803989930437e-08,1.0,3
0.25,4,1,equispaced,0.5511249497165553,0.4566973532183051,1.0,1,,,0
0.25,4,3,ESPRIT+VP,0.5441487684330711,0.4684861985442073,1.0464606316952454,3,2.452724944821765e-07,1.6636824413518372,13
0.25,4,3,equispaced,0.5503814275372215,0.45758019297185215,1.0108711119532554,3,,,0
0.25,4,5,ESPRIT+VP,0.19461951894353885,0.1709194206385052,12.411838390410235,5,3.1370168317620865e-06,1.6804716242058697,17
0.25,4,5,equispaced,0.5463259141594525,0.4700770639933104,1.2867560017150939,5,,,0
0.25,4,7,ESPRIT+VP,0.01341426582846046,0.008437944682891524,574498932418.2168,6,6.259756538228114,4.703502956211754,51
0.25,4,7,equispaced,0.5135553301208567,0.5074074897474304,1.3617128043983198,7,,,0
0.25,4,9,ESPRIT+VP,0.0026233359687801465,0.0012471209062738212,4852453.307598031,7,0.002549603819352591,117.6584549917167,38
0.25,4,9,equispaced,0.5109204405825596,0.4123081908393524,2.105613834636554,9,,,0
0.25,4,11,ESPRIT+VP,0.0009893743505480963,0.0004740976408452302,252744017.86878034,9,0.011541701039528725,6898.963401194852,31
0.25,4,11,equispaced,0.4113505083324043,0.25140853470158187,2.7329771677225048,11,,,0
0.25,5,1,ESPRIT+VP,0.6080495333614695,0.5112916929396282,1.0,1,2.493554870267397e-11,1.0,8
0.25,5,1,equispaced,0.6085891368867778,0.5125415986512558,1.0,1,,,0
0.25,5,3,ESPRIT+VP,0.5999799444526908,0.5293884518572325,1.0395259827824948,3,1.1917313462616724e-06,5.2512724959943995,17
0.25,5,3,equispaced,0.6076728129372434,0.5140221272001579,1.0108711119532554,3,,,0
0.25,5,5,ESPRIT+VP,0.24494626838638156,0.19730669418736535,7.203037867633417,5,1.2413553807671653,5.26572878686037,31
0.25,5,5,equispaced,0.6019373716888136,0.5312829097024523,1.286756001715094,5,,,0
0.25,5,7,ESPRIT+VP,0.07794984404332247,0.06882718506185213,355450826083.49396,7,19.076688515317965,7.737636558722659,500
0.25,5,7,equispaced,0.5635445013047244,0.5646274080215591,1.3617128043983207,7,,,0
0.25,5,9,ESPRIT+VP,0.005192822782598968,0.002410140397673895,977293.7432074533,7,0.0005474998067133706,110.42826063895608,38
0.25,5,9,equispaced,0.5562704411524801,0.46113067644617173,2.1056138346365527,9,,,0
0.25,5,11,ESPRIT+VP,0.0021232802609955415,0.0010079796831893452,145959775232.14975,9,0.009330319445850404,5439.41722013448,32
0.25,5,11,equispaced,0.44871368161540565,0.27835394349875797,2.7329771677225088,11,,,0
0.25,6,1,ESPRIT+VP,0.7296843257972349,0.6194281489602823,1.0,1,2.603128795709433e-08,1.0,8
0.25,6,1,equispaced,0.7345069635007315,0.6241066660463955,1.0,1,,,0
0.25,6,3,ESPRIT+VP,0.7166148964323087,0.6524432260276305,1.0214143783010434,3,5.35741225676686e-06,71.00231529134423,56
0.25,6,3,equispaced,0.7282383660793408,0.6223081870196491,1.0108711119532559,3,,,0
0.25,6,5,ESPRIT+VP,0.6596319766293888,0.6885100979080406,1.5242551457693454,5,4.873237079163042e-06,155.11969979372125,27
0.25,6,5,equispaced,0.7163159334966538,0.6517048447148319,1.286756001715095,5,,,0
0.25,6,7,ESPRIT+VP,0.32659054051973413,0.3158246463229921,7671769439.175315,6,0.002161110097898013,155.854142734546,83
0.25,6,7,equispaced,0.6646517385147949,0.680418895796887,1.3617128043983193,7,,,0
0.25,6,9,ESPRIT+VP,0.02012968429458021,0.008885786148054471,469774.3331779933,7,0.0006055338398446831,380.42902940857965,40
0.25,6,9,equispaced,0.6413699190903683,0.5610858687018635,2.1056138346365514,9,,,0
0.25,6,11,ESPRIT+VP,0.009941405244528903,0.00447217955293417,200758269162.8607,8,0.001330107181300481,11245.28643323492,31
0.25,6,11,equispaced,0.5221742195350707,0.33705164787970393,2.732977167722509,11,,,0
0.25,7,1,ESPRIT+VP,0.870620151888642,0.7290677571210569,1.0,1,1.4484455783327206e-05,1.0,5
0.25,7,1,equispaced,0.8716123146154902,0.7298276046751987,1.0,1,,,0
0.25,7,3,ESPRIT+VP,0.7710755510053557,0.7968351168946618,1.3455515640788218,3,7.316884873590534e-06,232.69750148536298,69
0.25,7,3,equispaced,0.8674701075289527,0.7339525373299403,1.0108711119532556,3,,,0
0.25,7,5,ESPRIT+VP,0.6690211651876055,0.6088242210875624,1.4932633409772018,5,0.2850620502192775,9304.082008953943,282
0.25,7,5,equispaced,0.8026494796924938,0.9558338866566836,1.2867560017150945,5,,,0
0.25,7,7,ESPRIT+VP,0.3632779792348134,0.21709510651267633,6.231444371679448,7,19.021727725737158,16602.444279896037,53
0.25,7,7,equispaced,0.7394103310483898,0.8141289541398715,1.3617128043983204,7,,,0
0.25,7,9,ESPRIT+VP,0.2564173769120304,0.23953254759039616,5750254772.837816,8,6.046393519215265,16873.776061744782,215
0.25,7,9,equispaced,0.6724598796163651,0.6746329142991083,2.105613834636551,9,,,0
0.25,7,11,ESPRIT+VP,0.07814673637666113,0.02552291463911218,5676702534.031594,9,0.015673998713776085,81619.36085788447,30
0.25,7,11,equispaced,0.6035931583101563,0.41403002164943986,2.7329771677225065,11,,,0
0.35,0,1,ESPRIT+VP,0.9529178757328706,0.7965813755123469,1.0,1,0.0001538300507864561,1.0,44
0.35,0,1,equispaced,0.9196813906759542,0.9409936936291745,1.0,1,,,0
0.35,0,3,ESPRIT+VP,0.8610855625605136,0.8605607705650072,1.4041906933243185,3,0.00029179454567428305,375.563661072708,90
0.35,0,3,equispaced,0.9084862888425906,0.9747702706071115,1.0108711119532556,3,,,0
0.35,0,5,ESPRIT+VP,0.786776336343615,0.6475561496026896,1.8091147324251435,5,17.82154520417197,36473.8399222791,120
0.35,0,5,equispaced,0.8480285036019622,0.9253521158803291,1.286756001715094,5,,,0
0.35,0,7,ESPRIT+VP,0.5960940077884918,0.28965893525803404,185476362083.2842,7,0.004758347845507168,329886.71673219925,266
0.35,0,7,equispaced,0.8094617702126179,0.8097793889934991,1.3617128043983215,7,,,0
0.35,0,9,ESPRIT+VP,0.5070673512290468,0.15210142844514288,5999153.557459749,8,0.500164482685069,339691.06064123043,45
0.35,0,9,equispaced,0.7777877432718289,0.6929080177016604,2.105613834636551,9,,,0
0.35,0,11,ESPRIT+VP,0.45647262324048393,0.08108026842148748,17786517549.446064,8,0.008444827621399942,570366.152511809,25
0.35,0,11,equispaced,0.745859150527173,0.47667043312228946,2.732977167722505,11,,,0
0.35,1,1,ESPRIT+VP,0.7282577460406962,0.6283574960153034,1.0,1,2.3186307238962667e-08,1.0,4
0.35,1,1,equispaced,0.7315389608982598,0.6231370686204636,1.0,1,,,0
0.35,1,3,ESPRIT+VP,0.7152713819994274,0.661244617063513,1.021189649208299,3,5.166235717695607e-06,69.56599239153151,55
0.35,1,3,equispaced,0.7268059471350695,0.6316779467023427,1.0108711119532559,3,,,0
0.35,1,5,ESPRIT+VP,0.6585335924044671,0.6965460671126025,1.5241282544727135,5,6.327062453783933e-06,148.57182067415778,27
0.35,1,5,equispaced,0.715262687788626,0.6604644359795155,1.2867560017150943,5,,,0
0.35,1,7,ESPRIT+VP,0.13782372944585225,0.09720077342047435,20269263242.798615,7,13.253792541968183,149.3146055800538,131
0.35,1,7,equispaced,0.663433163238537,0.6873861765434485,1.3617128043983193,7,,,0
0.35,1,9,ESPRIT+VP,0.0198161881026021,0.008852591246839974,3605564.8622633065,7,0.0048345335165394234,370.979349802287,38
0.35,1,9,equispaced,0.6404806251797284,0.5640331140106662,2.105613834636551,9,,,0
0.35,1,11,ESPRIT+VP,0.009762252885215572,0.004402230275210739,66882016955.47879,9,0.05612134975806845,11087.937857692961,30
0.35,1,11,equispaced,0.5213946866860395,0.33138288612042566,2.7329771677225043,11,,,0
0.35,2,1,ESPRIT+VP,0.5728933924602861,0.4859135202553099,1.0,1,2.6589437137035e-11,1.0,8
0.35,2,1,equispaced,0.5738865810064708,0.4879672965834401,1.0,1,,,0
0.35,2,3,ESPRIT+VP,0.5657722255230567,0.5028706227334863,1.0441437314173165,3,4.814773293452502e-07,2.4095890269651115,12
0.35,2,3,equispaced,0.573079826688341,0.4893061198981403,1.0108711119532552,3,,,0
0.35,2,5,ESPRIT+VP,0.210920559694806,0.18533138197551194,10.053559419725284,5,1.6175500882365591e-06,2.422101653419977,24
0.35,2,5,equispaced,0.5680254699413196,0.5010035313845913,1.2867560017150943,5,,,0
0.35,2,7,ESPRIT+VP,0.02796810581337177,0.018707540333370503,21679510969.654747,7,13.853332318940856,4.964431251752179,61
0.35,2,7,equispaced,0.5328101384631225,0.5353439626098868,1.361712804398322,7,,,0
0.35,2,9,ESPRIT+VP,0.003434240237152717,0.0016200181950189567,28618690.184167027,7,0.005874531714440028,105.02871438982763,37
0.35,2,9,equispaced,0.5287007002157712,0.4372268470824196,2.1056138346365514,9,,,0
0.35,2,11,ESPRIT+VP,0.0013358073691987985,0.0006362430585373849,8415574871.608607,9,0.009671764396748104,5772.508685856659,32
0.35,2,11,equispaced,0.42599790469643395,0.26056843576286265,2.7329771677225057,11,,,0
0.35,3,1,ESPRIT+VP,0.5077505814075548,0.42162995945080406,1.0,1,5.219163010094372e-10,1.0,6
0.35,3,1,equispaced,0.5220276379736185,0.42406507455844233,1.0,1,,,0
0.35,3,3,ESPRIT+VP,0.474172621738358,0.4618715990151855,1.3331586298080966,3,5.420275843712673e-08,1.0937947640224965,8
0.35,3,3,equispaced,0.5073310848076188,0.42220539038551413,1.010871111953256,3,,,0
0.35,3,5,ESPRIT+VP,0.05164858584512311,0.032798461896026254,7751924641.205352,4,0.009423541570203081,1.1624460022216423,126
0.35,3,5,equispaced,0.5040535896003137,0.4327850791745728,1.2867560017150945,5,,,0
0.35,3,7,ESPRIT+VP,0.009711809271334769,0.006070977825511305,317436595403.84393,6,6.968501082424456,6.933179398971305,42
0.35,3,7,equispaced,0.4750634524581016,0.46828361748439346,1.3617128043983198,7,,,0
0.35,3,9,ESPRIT+VP,0.0015178174295863442,0.0007264715308923661,110343144.13043246,7,0.0025144466418250636,206.99984789973996,42
0.35,3,9,equispaced,0.4752226900252371,0.3795888589414291,2.1056138346365527,9,,,0
0.35,3,11,ESPRIT+VP,0.0005384645353360796,0.00025925117333117293,1665743917.1480134,9,0.005679777257553849,13745.278600648706,29
0.35,3,11,equispaced,0.3822221455923388,0.23103002783661916,2.7329771677225057,11,,,0
0.35,4,1,ESPRIT+VP,0.5077505814075549,0.4216299594362107,1.0,1,9.920048273734902e-09,1.0,4
0.35,4,1,equispaced,0.5220276379736186,0.4240650745584393,1.0,1,,,0
0.35,4,3,ESPRIT+VP,0.47417262173835806,0.46187159867790145,1.333158632098024,3,7.841677922698262e-08,1.0937947640224976,8
0.35,4,3,equispaced,0.5073310848076188,0.42220539038551114,1.0108711119532559,3,,,0
0.35,4,5,ESPRIT+VP,0.051648585998005925,0.03279829533443408,520429681833.1357,5,0.009265238716449135,1.1624460022216445,135
0.35,4,5,equispaced,0.5040535896003139,0.4327850791745699,1.2867560017150939,5,,,0
0.35,4,7,ESPRIT+VP,0.00971183643147006,0.006081690770660341,381546538628.4968,6,6.980531690380066,6.933179398971311,43
0.35,4,7,equispaced,0.47506345245810166,0.46828361748439107,1.3617128043983215,7,,,0
0.35,4,9,ESPRIT+VP,0.001517828820460227,0.0007270373557078335,303599765298.48145,8,0.0013241273530924355,206.99984789974042,35
0.35,4,9,equispaced,0.4752226900252371,0.37958885894142635,2.1056138346365527,9,,,0
0.35,4,11,ESPRIT+VP,0.0005384211380705063,0.0002568510052787643,23510013580.819347,9,0.015348751435381993,13745.278600651818,27
0.35,4,11,equispaced,0.3822221455923389,0.23103002783661655,2.7329771677225088,11,,,0
0.35,5,1,ESPRIT+VP,0.5728933924602865,0.48591352025538415,1.0,1,3.714887867949387e-12,1.0,8
0.35,5,1,equispaced,0.573886581006471,0.4879672965834397,1.0,1,,,0
0.35,5,3,ESPRIT+VP,0.5657722255230562,0.5028706316979935,1.0441437308055441,3,3.4657265219804043e-07,2.409589026965121,12
0.35,5,3,equispaced,0.5730798266883416,0.48930611989814027,1.0108711119532565,3,,,0
0.35,5,5,ESPRIT+VP,0.21092055969480744,0.18533138459522927,10.053560004195711,5,2.582697446768898e-06,2.4221016534199817,24
0.35,5,5,equispaced,0.5680254699413196,0.5010035313845909,1.2867560017150945,5,,,0
0.35,5,7,ESPRIT+VP,0.027968106586571867,0.01881908603872361,181170016.48027653,6,13.852102972776384,4.964431251752186,62
0.35,5,7,equispaced,0.5328101384631228,0.5353439626098867,1.3617128043983204,7,,,0
0.35,5,9,ESPRIT+VP,0.00343423785876448,0.0016192034827449365,42328477.52653389,7,0.0066346996448291415,105.02871438982696,35
0.35,5,9,equispaced,0.5287007002157713,0.43722684708241927,2.1056138346365527,9,,,0
0.35,5,11,ESPRIT+VP,0.0013358328110537338,0.0006358746670798678,1993505904.2716355,9,0.008051655122157535,5772.508685857025,34
0.35,5,11,equispaced,0.42599790469643395,0.2605684357628632,2.7329771677225048,11,,,0
0.35,6,1,ESPRIT+VP,0.7282577460406962,0.6283574959289239,1.0,1,2.742706801794523e-09,1.0,8
0.35,6,1,equispaced,0.7315389608982598,0.6231370686204637,1.0,1,,,0
0.35,6,3,ESPRIT+VP,0.7152713819994025,0.6612447199243098,1.0211896452390308,3,4.087830041011568e-06,69.56599239153144,55
0.35,6,3,equispaced,0.7268059471350695,0.6316779467023429,1.0108711119532556,3,,,0
0.35,6,5,ESPRIT+VP,0.6585335924044476,0.6965460780363201,1.5241282498505697,5,5.504895340679447e-06,148.5718206741578,27
0.35,6,5,equispaced,0.715262687788626,0.6604644359795155,1.2867560017150947,5,,,0
0.35,6,7,ESPRIT+VP,0.32532712749407283,0.3127515843686256,464065724277.75616,7,0.0026571806513811425,149.3146055800538,79
0.35,6,7,equispaced,0.663433163238537,0.6873861765434486,1.3617128043983202,7,,,0
0.35,6,9,ESPRIT+VP,0.01981681507495223,0.008861595024208134,1099163706.099342,8,0.012307110525635892,370.9793498022883,32
0.35,6,9,equispaced,0.6404806251797284,0.5640331140106661,2.1056138346365527,9,,,0
0.35,6,11,ESPRIT+VP,0.009761026588965447,0.004402231983119404,1425610194.4788494,9,0.005728056893561569,11087.937857692485,33
0.35,6,11,equispaced,0.5213946866860394,0.3313828861204258,2.7329771677225088,11,,,0
0.35,7,1,ESPRIT+VP,0.9529178757330046,0.7965809425134911,1.0,1,0.0001633721572205584,1.0,39
0.35,7,1,equispaced,0.9196813906759543,0.9409936936291752,1.0,1,,,0
0.35,7,3,ESPRIT+VP,0.8610855625605305,0.8605612491678355,1.4041907262603481,3,0.0002798977831685462,375.5636610727086,90
0.35,7,3,equispaced,0.9084862888425908,0.9747702706071121,1.0108711119532554,3,,,0
0.35,7,5,ESPRIT+VP,0.7811755609509784,0.8112241746752786,7409857091.727685,5,35.81771375331504,36473.839922271625,136
0.35,7,5,equispaced,0.8480285036019624,0.9253521158803293,1.2867560017150945,5,,,0
0.35,7,7,ESPRIT+VP,0.5928754527976768,0.31625638610437207,19463702151.03965,6,0.004556209343142023,329886.71673204505,77
0.35,7,7,equispaced,0.809461770212618,0.8097793889934995,1.3617128043983213,7,,,0
0.35,7,9,ESPRIT+VP,0.527027691733077,0.14326221266202382,278600973205.4008,9,0.07428026283134277,339691.0606412292,106
0.35,7,9,equispaced,0.7777877432718289,0.6929080177016609,2.1056138346365523,9,,,0
0.35,7,11,ESPRIT+VP,0.45647970270969773,0.08117294527854503,13699483350.774916,9,0.007061794946775089,570366.1525129873,34
0.35,7,11,equispaced,0.7458591505271731,0.4766704331222896,2.732977167722504,11,,,0
